GivenName	Surname	Birthday	uid
Darlene	Santana	2/5/1994	23425
Laura	Houck	8/25/1991	87639
Norman	Hopper	8/28/1949	60559
Pearl	Lavergne	9/2/1965	51619
Edward	Jones	4/14/1992	11271
Jene	Harper	11/22/1984	18534
Noel	Nelson	1/9/1992	42796
Louis	Guardado	4/21/1990	56167
Belinda	Phillips	6/2/1966	25746
Arvilla	Sullivan	8/23/1946	95710
Judith	Avans	7/1/1983	94291
Tiffiny	Perez	3/25/1973	81346
Rodolfo	McCullough	8/22/1987	6294
Paul	Hardman	7/6/1971	20361
Mary	Madison	1/20/1959	5501
Mary	Horton	8/20/1987	79418
William	Tilley	3/4/1978	54473
Raymond	Whyte	5/9/1978	9677
Wesley	Vanzant	3/18/1961	96250
Bradley	Brown	10/5/1999	81120
Teri	Campbell	6/9/1941	53862
Darlene	Frazier	3/22/1965	83632
James	Pace	3/16/1961	47840
Howard	Williams	1/3/1989	6272
Ronald	Chisolm	8/18/1973	32977
Stephen	Chen	1/30/1973	32694
Joel	Lewis	12/16/1971	47589
Lora	Wilkerson	2/22/1965	73592
Andre	Williams	10/7/1992	45627
Michael	Doolittle	10/2/1947	21920
Lakesha	Bullock	11/29/1954	54463
Allan	Brown	11/1/1988	18148
Elizabeth	Smith	5/6/1939	447
Alan	Barnes	1/16/1950	93164
Christopher	Craig	1/3/1990	97611
Earl	Douglass	9/14/1954	17237
Lisa	Fernandez	5/4/1976	84437
Mack	Jones	2/19/1978	14225
Lowell	Hawkins	3/2/1977	29891
David	Wilson	2/8/1963	45660
Susan	Crawford	11/19/2000	50532
Teresa	Erickson	9/12/1962	67575
Jerry	Sachs	12/8/1951	34551
Anthony	Bland	9/18/1960	96225
Jason	Heidrick	8/11/2000	22341
Gerald	Little	7/11/1975	43938
Monika	Medina	2/14/1992	13915
Evelyn	Odell	8/16/1950	25054
Sherry	Gibbons	6/26/1987	21629
Tammy	Ziegler	6/5/1980	54095
Dana	Lara	11/17/1955	25433
Doug	Brown	4/22/1940	52752
Edward	Dewald	11/17/1963	88122
Carlos	Morales	2/9/1999	40658
Howard	King	5/18/1975	70832
Mark	Haddock	9/7/1978	20292
Timothy	Spady	11/18/1951	91813
Sabrina	Decker	9/17/1943	54684
Teresa	Clinton	9/11/1968	79288
Darren	Stephens	5/20/1977	81870
Clara	Hernandez	12/25/1980	22060
Jimmie	Tharpe	2/10/1983	82984
Brock	Wilson	1/28/1989	21890
Sherman	Casey	5/4/1995	20216
Donna	Ranck	9/11/1969	72787
Lenore	Wroten	8/1/1997	54991
Russell	Harris	12/15/1991	53461
Robert	Lebron	9/24/1982	96691
Regina	Grace	8/26/1954	19512
Harold	Loe	4/7/1998	15129
Thurman	Dennis	8/12/1940	87875
Juanita	Ritenour	6/6/1990	69129
Sara	Myers	5/1/1983	5467
Michael	Quinn	7/3/1974	421
Stephanie	Allmon	6/12/1971	61985
Maria	Davidson	7/28/1942	32278
Rhonda	Coletti	5/24/1981	3097
Ethel	Cudjoe	2/18/1984	29914
Amanda	Kirkpatrick	3/8/1979	42536
Craig	Weddle	4/7/1949	34774
Joan	Friday	5/22/1953	52759
Anne	Zepeda	3/4/1982	957
Ramona	Poorman	8/4/1997	28251
Robert	Garcia	11/12/1987	20348
James	Smith	2/24/1958	57368
Christopher	Chancy	11/30/1967	10103
Freddie	Keeton	9/7/1988	84688
Charles	Shifflett	7/5/1944	45685
Altagracia	Oberg	11/4/1941	4620
Alvin	Goolsby	2/18/1958	49902
Nichole	Gaffney	11/10/1950	41888
Preston	Thomas	1/30/1999	66434
Linda	Shea	8/10/1962	51445
Morris	Young	2/10/1980	51115
Richard	Spotts	5/1/1989	69234
Lena	Burnham	7/14/1970	54836
Matthew	Wilson	8/16/1973	3112
Virgil	Grayson	8/30/1960	73064
Jody	Flores	1/28/1993	68424
Heather	Chavez	6/7/1994	93739
Robert	Vincent	1/8/1963	23803
Clarence	Chittum	1/8/1995	17398
Sara	Levin	4/27/1945	15816
John	Dicken	2/6/1991	68483
Charles	Elswick	8/2/1973	47450
Carrie	McGinnis	5/1/1998	90980
Martha	Hunt	3/13/1993	27714
Jeremy	Jones	11/20/1973	79710
Nicholas	Coffelt	10/26/1980	91042
John	Rupe	11/12/1954	50137
Amanda	McNair	4/20/1954	6053
Luke	Wright	1/27/1942	47867
Joshua	Day	6/29/1982	25637
Mose	Nichols	7/15/1971	89795
Larry	Gonzalez	12/7/1940	37954
Joseph	Hughes	6/27/1996	97262
Wilfredo	Millet	10/23/1962	14979
Marlene	Gray	1/14/1963	30257
Vickie	Medlock	8/24/1985	51775
Janet	McDuffy	3/22/1959	17652
Natalie	Poole	6/26/1992	59311
Ron	Evans	8/9/1952	43496
Jane	Frye	10/28/1962	76978
John	Lane	3/3/1961	50010
Harold	Washington	7/8/1990	17472
Jimmy	Gomez	9/3/1994	81020
Michael	Spinella	7/1/1957	12201
Evelyn	Brown	7/5/1972	21804
Phillip	Heppner	4/22/1964	83367
Jerry	Featherstone	12/22/1986	69733
Anthony	Corley	12/31/1956	75472
Kimberly	Scheidt	9/10/1977	73751
Michael	Viveros	9/13/1964	40411
Harry	Thompson	8/22/2002	32678
Robert	Moore	4/16/1956	98899
Elizabeth	Foote	8/18/1963	44190
Kevin	Davis	3/9/1949	59774
Patricia	Wilson	3/3/1938	51217
Felipe	Kimes	9/26/2002	81430
William	Button	5/23/1983	590
Bertha	Silvia	4/9/2003	30178
Louis	Parks	12/18/1970	3071
Aaron	Jolley	11/25/1956	27173
Marceline	Glassman	7/9/1941	26549
Anthony	Wright	2/18/1972	67238
Jennifer	Walburn	4/30/1989	59790
Steven	Kaster	9/29/1952	74078
Frederick	Rocheleau	11/23/1986	95760
William	Williams	3/28/2002	70971
Joshua	Tessier	12/15/1952	6580
Aisha	Warner	12/25/1947	39558
Wanda	Waller	9/20/1994	30223
Victor	Whitehead	3/10/1966	97356
Quincy	Gibbs	4/16/1937	5687
James	Enriquez	4/23/1968	14890
Edward	Alexander	9/8/2000	2606
Penney	Benedict	12/26/1971	39910
Jimmie	Hofer	11/9/1978	78414
Josefa	Hanselman	10/12/1957	28172
Sara	Gaspard	6/1/1997	85969
Sandra	Rogers	11/9/1987	99445
Cesar	Terrell	12/2/1947	7960
Donald	Berkman	7/30/1995	61036
Lorri	Smith	8/9/1989	31116
Jacquelyn	Bishop	7/30/1971	92416
Sherry	Clark	2/28/2001	94246
Marlene	Gill	1/25/1988	29032
Cathleen	Smith	10/31/1991	62009
Jeanne	Conklin	8/29/1947	14921
Dana	Moore	12/27/1983	35467
Jennifer	Montoya	4/1/1965	58405
Janice	Chaney	6/7/1989	64813
Laurie	Chandler	5/7/1941	68889
John	Phipps	1/7/1982	80676
Amie	Gray	6/29/1940	76647
Jason	Leake	12/9/1957	945
Stephanie	Mann	9/10/1954	87726
Augustus	Gilbert	12/27/1968	71866
Julia	Fortner	4/18/2001	36894
Peter	Trombley	10/8/1978	75643
Beverly	Dunn	3/29/1938	16835
Kevin	Shepard	9/6/1988	89276
Debra	Reeves	12/31/1940	2327
John	Casselman	7/12/1956	44080
Carol	Nash	5/7/1991	13862
Bruce	Sanchez	11/26/1953	61244
Lisa	Collins	1/1/1981	63108
Sadie	Mitchell	4/1/1992	73345
Shari	Wright	4/13/1971	48564
Marilyn	Cox	4/12/1978	25984
Roger	Mendoza	8/19/1949	87448
Gregory	Overton	8/30/1950	8343
Johnny	Johnston	7/21/1957	12825
Pauline	Hardage	11/16/1995	41966
Joyce	Masson	1/3/1986	50818
Patricia	Dejesus	2/17/1948	41120
Ruth	Sanders	5/26/1973	98670
Katherine	Garcia	3/11/1967	25971
Frances	Ramirez	12/13/1975	99726
Anthony	Buckner	10/29/1955	70920
Estella	McCormick	11/11/1946	13372
Dexter	Jean	9/10/1938	53174
Charles	McNeil	10/24/1945	18343
Susan	Strother	3/10/1978	15932
Kathryn	Doolan	1/29/1996	40392
Jeff	Shoaf	7/21/1975	84223
Carrie	Kowalewski	10/21/1955	59320
Ruben	Conley	2/15/1993	968
Jacalyn	Peacock	11/24/1974	35939
Lewis	Fleming	2/13/1945	67932
Terrell	Brown	12/26/1951	22819
Pearl	Anderson	2/5/1949	82270
Nathan	Villanueva	5/26/1979	41871
Patrick	Vargas	8/29/1964	87662
Dorothy	Perkins	7/5/1947	18760
Gertrude	Gillis	12/5/2000	79956
Cyril	Stacy	4/21/1972	17999
Suzanne	Battle	4/23/1973	26105
Evelyn	Baldwin	6/6/1953	92484
Brian	Matthews	7/7/1943	11105
Nick	Grady	9/24/1994	88233
Jackie	Cooksey	4/6/1977	20097
Brent	Matthews	5/5/1984	64591
Don	Taylor	11/13/1969	25074
Elois	Guerrero	6/26/1950	66416
Dorothy	Davis	5/3/1973	94103
Sherry	Lemaster	6/26/1982	89118
Brian	Wolfe	8/7/1971	52851
Louise	Hurwitz	3/19/1940	49623
Lucille	Martin	7/27/2001	40106
Russell	Carpenter	5/13/1946	23523
Evelyn	Felton	5/24/1969	75166
Katie	Gray	6/21/1952	81105
Anthony	Wells	8/29/1989	57934
John	Arnold	11/23/1977	5756
Stacy	Reinke	6/16/1946	68936
Kenneth	Habib	8/3/1986	87552
Cynthia	Young	6/25/1995	42557
Maude	Dizon	10/16/1978	76058
Darlene	Pipkins	7/4/1941	27743
Patricia	Weir	6/2/1994	26768
Edward	Gray	1/25/1953	1832
Edward	Plummer	6/4/1951	33352
Susan	Christianson	12/17/1987	14461
Jack	Godfrey	3/15/1982	98975
Laverne	Hamilton	11/20/1967	12852
Ricky	Keaton	8/25/1983	64342
Max	Rentschler	4/23/2002	94199
Tyrone	Bundy	3/22/1981	38444
Clarice	Beavers	6/4/2003	7841
James	Arno	2/1/1993	73628
Vincent	Corry	1/17/1988	89330
Adam	Delaney	3/22/1945	32997
Gary	Stokes	1/9/1998	70718
Stephen	Demello	12/2/1956	94906
Betty	Myers	12/18/1985	2805
Suzanne	Erdmann	5/24/1994	79756
Julie	Obrien	7/10/1970	90665
Peter	Bolton	11/29/1962	82084
Arielle	Ramirez	12/28/1984	77307
Fransisca	Wood	10/24/1970	38356
Marilyn	Millsap	9/19/1938	72958
Lynda	Feltman	10/1/1950	37527
Frank	Bartsch	3/9/1980	30616
Sandra	Castro	5/18/1948	871
Helen	Robinson	7/27/1983	9585
Laverne	Simonson	1/22/1979	14096
Edward	Larimore	8/10/1988	63592
Janette	Cook	2/17/1966	83331
David	Gray	3/28/1945	71490
Lionel	Stanley	3/1/1977	28930
David	Munoz	2/28/1968	63508
Darlene	Hall	1/21/1964	10762
Douglas	Lamarre	10/19/1955	746
Jacqueline	Pacheco	8/3/1994	19370
Lori	Shaw	7/21/1980	62710
John	Washington	9/26/1950	17697
Paul	Lain	4/15/1979	92821
Luci	Brown	11/29/1987	7510
Loyd	Dugger	2/19/1994	82594
Tommy	Williams	8/7/2000	90403
Craig	Crawford	12/12/1938	3412
Rose	Durand	10/23/1994	74349
Amanda	Harrison	6/4/1977	44778
Colleen	Wicks	7/17/1957	84764
Jennifer	Dietz	5/27/1986	4285
Velma	Ferguson	10/17/1986	42135
Victor	Coombs	5/10/1944	11261
Alfonso	Ragsdale	3/1/1992	70333
Roman	Sherman	2/18/1992	19617
Cathy	Roberts	2/25/2001	70607
Richard	Pacheco	6/5/1969	26969
Pearl	Price	5/20/1949	95521
Jennifer	Million	11/11/1968	73387
John	Copeland	11/20/1980	20210
Daniel	Morton	1/11/1971	84826
Thomas	Sanor	3/2/2002	9339
Allen	Hutsell	1/13/1993	94493
John	Garcia	3/5/1938	32611
Patricia	Rodriguez	3/6/1990	82099
Lisa	Brown	10/8/2001	15888
Eleanor	Robinson	6/23/1975	81939
Marilyn	Yamada	3/13/1940	87041
Alexander	Tanaka	1/9/1956	42898
Sherry	Turner	10/27/1962	22104
Stephani	Teague	1/12/1994	73539
Maria	Jones	12/5/1955	41900
Kenneth	Binford	10/15/1952	43894
Timothy	Valdez	1/7/1988	78323
Jacob	Beck	11/17/1995	74342
Fern	Fulks	3/27/1989	46689
Eva	Krause	7/23/1987	19682
Mike	Harkness	8/27/1985	96335
Justin	McPherson	12/5/1993	58599
Andrea	Burdette	4/29/1987	90701
April	Dinkins	2/3/1948	94860
Rocky	Emerson	2/5/1938	17410
Paul	King	5/20/1985	44059
Mack	Gibson	8/10/2000	99074
Mary	Ruiz	12/11/1982	61791
Tina	Gayle	11/22/1958	94020
Daphne	Cedeno	9/22/1956	90554
Holly	Blair	3/25/1954	93199
Bradley	Madrigal	2/2/1981	32813
Irene	Plourde	1/21/1978	36349
Kathleen	Anderson	5/23/1943	37596
Donald	Stevenson	12/6/1939	63601
Jesse	Joy	9/16/1952	21417
Lidia	Wyatt	7/2/1947	19515
Charles	Strine	1/7/1939	26070
Luis	Castillo	12/6/1947	19777
Duane	Tafolla	5/24/1947	37555
Willie	Franklin	5/20/1944	87158
Marcia	Richardson	10/9/1967	30440
Patti	Cabell	4/5/1943	49940
Charles	Hendrix	9/18/1946	25927
Daniel	Tran	10/26/1990	86881
Michael	Scott	12/12/1974	96113
Joe	Lyons	3/18/2002	54768
Dominique	Holman	10/9/1983	71407
Thomas	Gordon	5/2/1956	51746
Deana	Peden	12/16/1998	9295
Alfredo	Young	1/23/1948	39600
Christina	Foster	6/11/1971	37942
Robert	Hurley	1/8/1963	50519
Matthew	Irwin	10/8/1951	79795
Kellie	Kay	7/11/1979	16889
Edwin	Ewald	12/1/1969	10188
Christopher	Henson	4/23/1970	11840
Thomas	Livingston	7/4/1992	75706
Marion	Williams	3/5/2000	23385
Robert	Lyons	5/15/1947	2614
Michael	Spencer	1/14/1997	8222
Robert	Sokol	9/6/1949	12698
Amanda	West	2/11/1938	10371
Raul	Catlett	3/28/1937	44162
Kenneth	Griffith	4/24/1966	31461
Ollie	Stanley	11/4/1967	87873
Elias	Flanigan	1/1/1987	91938
Patsy	Coleman	1/29/1997	35095
Terri	McCaffery	8/25/1991	93226
Maria	Lopez	11/10/1939	89363
Perry	Numbers	7/13/1979	46927
Margorie	Nash	5/6/1957	71068
Graig	Kaiser	5/29/2000	78136
Keith	Donofrio	6/3/1974	43571
James	Williams	1/1/1990	78125
Salvatore	Jenkins	10/3/1944	91128
Carolyn	Childress	2/24/1960	55995
Ronald	Williams	7/4/1960	32750
Laurie	Hancock	2/20/1978	27859
Pauline	Griffiths	6/19/1950	68571
Catherine	Porter	7/7/1949	976
Sharon	James	1/18/1964	29688
Joe	Carpenter	4/21/1974	5723
William	Densmore	1/18/1977	96536
Rodney	Aguilera	10/18/1974	64862
Kenneth	Cox	12/22/1983	61859
Marisela	Roy	7/17/1969	34668
Eddie	Besaw	11/9/1944	62504
Ken	Queen	4/21/1988	34186
Karen	Wicks	5/26/1946	54391
Kathleen	Medina	4/7/1987	48401
Brent	Theodore	3/28/1999	88213
Gary	Johnson	8/28/1975	99683
Reginald	Acker	1/3/1948	79160
Margaret	Nagle	9/3/1993	5081
Anthony	Byrd	3/10/1953	27800
Dean	McCoy	5/18/2001	73462
Jose	Connors	3/1/1995	80882
Josh	Cook	4/18/2003	79166
Laverne	Drennan	6/18/1957	10768
Timothy	Harrison	4/20/1993	35574
Michael	Mason	12/6/1981	81465
Jennifer	McGregor	7/24/1969	98319
Terry	Stoddard	12/20/1997	81907
Veronica	Williams	2/10/1968	12546
Doris	Solomon	11/25/1946	34359
Jerry	Brooks	2/2/1975	5118
Sara	Cohn	5/26/1951	75067
Alice	Galarza	2/6/1985	32420
Mabel	Dye	10/4/1958	76251
Amelia	Coleman	2/17/1949	13003
Eric	Saavedra	6/7/1990	54002
Doris	Johnson	4/11/1966	5745
Jackson	Corrado	5/27/1968	2297
Michael	Kelley	3/10/1988	27133
Madeline	Ingram	6/3/1982	96140
Lori	Nash	4/28/1993	77510
Donna	Long	6/14/1968	73514
Carolyn	Montano	9/10/1994	14888
William	Kim	4/26/1976	23227
Kim	Thomas	11/4/1957	28126
David	Henry	8/4/1989	52783
Jeanette	Gately	10/27/1944	12532
Theresa	Flores	4/9/1959	49716
Howard	Deas	3/25/1952	51793
Melissa	Williams	11/6/1987	43707
Wm	Kimsey	6/12/1955	47677
Brittany	Amaya	8/28/1965	65392
Gerald	Stokes	8/4/1972	42128
Nicholas	Robinette	10/5/1954	83131
Dustin	Arline	12/21/1946	54662
Olga	Andrews	6/11/1949	31106
Lauren	Calvert	10/2/1998	40936
Robert	Huckins	2/15/1952	19276
Frederick	Johnson	6/30/1993	97287
Evangelina	Barnes	11/14/1993	13916
Margaret	Skinner	1/10/1948	163
Sidney	Habib	11/29/1972	87793
Kevin	Whisenant	10/8/1948	60829
Meredith	Archer	5/18/1995	28537
Lory	Perry	4/14/1967	68257
Benjamin	Saiz	4/28/1991	39555
Mary	Black	3/21/1945	82646
Ora	Roth	8/13/1998	12214
Luis	Cowan	8/30/1938	79004
Stephanie	Farr	4/22/1998	29539
Mario	Carr	11/3/1979	28702
Barbara	Kremer	1/5/1943	67428
Joseph	Cropper	9/16/1938	63361
Adolph	Courville	3/31/1944	49848
Jeremy	Wahl	4/2/1998	98512
Jerry	Wang	9/19/1992	96288
Stephen	Layton	7/7/1982	97705
Melissa	Waddy	11/4/1940	43677
Victoria	Simmons	9/4/1984	629
Albert	Murry	11/22/1959	40720
Kenneth	Howard	9/18/1940	39358
Lori	Smart	1/4/1939	60243
Jose	Ferguson	2/1/1996	20952
Aaron	Vance	6/25/1945	52035
Philip	Turner	8/14/1939	98563
Mary	Jones	12/2/1999	35514
Samantha	Abel	11/24/1988	32655
Virginia	Orr	7/17/1998	62001
Miriam	Wheeler	1/11/1971	51839
Evelyn	Curry	12/6/1982	99391
Charles	Chamberlin	4/20/1939	4496
Shawn	Silverman	7/19/1941	93956
David	Skinner	5/18/1946	46705
Joann	Nunez	3/22/1967	26271
Guy	Rhea	8/24/1952	51101
Anthony	Markert	4/30/1987	81752
Gerald	Walton	7/20/1937	57633
Heather	Sams	4/18/1995	69032
Doris	Mazza	9/26/1937	19590
Marianne	Morales	3/21/2001	42953
Carrie	Stewart	5/5/1944	4147
Monica	Ward	5/19/1941	29359
Kimberly	Obrien	12/16/1938	19176
Regina	Russell	5/30/1979	36354
James	McLendon	3/2/1992	96646
Jessica	Brewster	12/27/1969	58715
Barry	Graham	9/1/1938	49151
Richard	Gutierrez	4/29/1977	88907
Seth	Ricks	6/4/1940	81662
Nancy	Franklin	3/11/1961	37220
Betty	Hansen	2/10/1997	3611
Joe	Glenn	1/9/1954	40272
Janet	Salazar	4/18/1982	14478
Amelia	Gaston	1/13/1976	49945
Corinne	Cohn	11/19/1960	7857
Nathan	Gonzalez	10/22/1983	52757
Russell	Floyd	8/29/1989	24609
Rudy	Cunningham	1/19/1954	32927
Renae	Iniguez	10/2/1989	53661
Sandra	Felix	3/31/1982	9446
Ruby	West	12/28/1978	97620
James	Howes	1/31/1973	2357
Joshua	Guerrero	5/7/1984	34991
Dana	Jones	4/15/1998	69676
Kim	Salazar	7/3/1994	90621
Jason	Graves	6/9/1951	95174
Timothy	Seal	9/14/1970	61790
Richard	Teed	2/20/1998	70138
Edward	Pacheco	1/15/1990	45339
Martin	Lorenzo	9/14/1943	71176
Margaret	Miranda	7/31/1951	50972
Kathleen	Renfro	6/12/1982	23867
William	Gipson	7/2/1981	58659
Marsha	Whitham	4/9/1945	56381
Joseph	Clark	1/21/1984	26373
Wendy	McDaniel	6/11/1940	8190
Joyce	Fielding	2/18/1997	41859
Amos	Haro	3/5/2001	17849
James	Wise	10/24/1968	51974
Ronnie	Langston	2/24/1937	34627
Jack	Black	6/10/1974	54367
Tyler	Clark	3/8/1970	17939
Roberta	Coulter	11/26/1963	13492
Florence	Priestley	1/30/1948	28347
Lynn	Eldredge	2/1/1986	90593
Antoinette	Wilson	11/3/2000	80960
Lillian	Casey	9/17/1972	66789
Linda	Ferris	9/3/1956	73934
Mark	Smith	8/15/1953	26374
Stanley	Deal	7/31/1986	72628
Kathryn	Gomez	2/25/1997	35902
Dewitt	Alvarado	11/8/1964	14861
Arthur	Sargent	5/21/1954	35603
Keith	Porter	7/26/1989	37226
Jermaine	Fleming	5/21/1992	2329
Deborah	Reyes	1/31/1973	90358
Ethel	Williamson	1/4/1960	91954
Bessie	Sims	7/9/1955	44724
Gisela	Medina	12/25/2002	48608
Linda	Sullivan	3/4/1980	82769
Manuel	Hite	4/9/1998	78126
Irene	McCarthy	10/24/1965	107
John	Lee	3/21/1937	18126
James	Fisher	5/5/1939	14813
Graciela	Carter	4/9/1947	36723
Beverly	McWilliams	3/7/1999	98313
Matthew	Heller	6/23/1974	51481
Thomas	Hornyak	10/5/1940	90936
Angela	Hayward	6/9/1946	71993
Thomas	Duenas	8/10/1959	45895
Sheila	Ha	8/27/2001	7331
Merlin	Hooper	3/18/1987	16196
William	Mason	1/23/1990	17668
Cindy	Sands	3/3/1970	41842
Timothy	Schmidt	11/16/1954	92892
Elizabeth	Roberts	12/5/1971	45518
Kayla	Ham	11/28/1967	61333
Joan	Feldman	4/4/1987	71350
Christine	Rhea	1/18/1986	78631
Susan	Gonzales	10/2/1982	43620
Lorna	Kane	12/7/1942	83856
Wade	Cole	1/19/1998	49467
George	Thomason	2/28/1939	11618
Javier	Boyles	8/18/1946	9963
Daniel	Rustin	2/27/1963	40611
Ruth	Smith	11/8/1941	41927
Adam	Ford	5/1/1969	79623
Kelly	Weber	1/27/1960	83248
Reta	Eubanks	12/3/1989	80574
Wallace	Allen	12/14/1949	51376
Darwin	Cochran	12/19/1961	74764
Ty	Olson	3/26/1999	74055
Ruby	Bruce	11/11/1946	33848
Rebeca	Bean	9/12/1956	94127
Dona	Lindsey	10/11/1979	13788
Richard	Molloy	3/1/1966	16987
Shirley	Saucier	8/15/1975	8680
Myrtis	Terry	7/18/1980	48756
Vanessa	Weaver	8/11/1957	70833
Karen	Allen	6/9/1977	93537
John	McAllister	9/28/1939	829
Christa	Andrus	1/30/1973	59291
Kathleen	Brito	2/18/1992	17465
Doris	Drayton	3/13/1937	76957
Arturo	Muller	11/18/1995	54587
Paul	Atwood	4/1/1970	68696
David	Allen	9/9/1942	71699
Alan	Lucas	10/8/1972	96004
Joshua	Gonzalez	3/1/2002	20478
Ardell	Smiley	4/22/1999	86513
Shane	Jones	7/26/1947	48379
Mary	Browder	12/21/1944	22159
Jeffrey	Lyons	7/1/1975	18709
Carla	Hale	8/6/1955	39586
Edwin	Reeder	4/3/1969	53021
Carol	Pablo	2/6/1973	48974
Vickie	Crawford	3/14/1999	1562
Jennifer	Graham	4/5/1984	13681
Vance	Marks	6/13/1994	97556
Antonio	Stricklin	5/2/1997	87355
Glen	Baumgardner	9/7/1963	89643
Gregory	Young	4/5/1945	39389
Lisa	Opp	3/20/1968	28905
Maurice	Williams	5/4/1985	235
Francisco	Garcia	7/20/1970	49102
Hugh	Ortega	4/30/1985	32969
Rachel	Bryant	6/12/1951	24377
Phillip	Burton	3/1/1997	15425
Joan	Hollen	5/26/1938	96804
Cheryl	Meadows	9/13/1964	69662
Mary	Poirier	3/8/1994	61975
Mayra	Daniels	5/2/1942	73990
Edward	Parsons	1/21/1941	95565
Rodney	Gill	3/6/1951	16550
David	Mercer	10/12/1994	21879
Inell	Wingard	10/9/1974	51393
Samuel	Banks	8/7/1991	1101
Jacqueline	Abbott	9/6/1947	7433
Paul	Foor	12/1/2002	78417
Brenda	Ramer	9/25/1949	39249
Susan	Merchant	11/28/1989	4525
Ina	Butler	5/16/1937	87477
Yoko	Pace	8/3/1988	47575
Belinda	Wolfe	4/25/1984	30453
Lorena	Webb	9/1/1947	33246
Angela	Allen	11/30/1971	60593
Thomas	Hufford	3/21/1989	76212
Jessica	Miller	8/17/1961	79304
Herb	Broadhurst	5/13/1986	46549
Andres	Sparks	4/30/1976	46691
Jamie	Barnett	7/22/1946	69780
Robert	Haug	2/22/1956	61817
Eric	Walsh	12/10/1965	64260
Leonard	Hinton	1/16/1975	43061
Patty	Garvey	2/20/1939	95082
Joseph	Williams	7/31/1972	51051
Mark	Perry	11/22/1942	17924
Barbara	Beard	12/11/1988	71887
Jeffrey	Partain	1/1/1945	62201
Elizebeth	Perry	8/30/1991	27935
Annie	Knorr	9/8/1961	60664
John	Hernandez	4/1/1941	64995
Allen	Lewis	4/25/1988	69380
Donald	Lang	1/19/1993	64830
Mary	Overcash	11/9/1996	12478
Jill	Ellis	6/30/1964	1086
Ruth	Salter	11/12/1949	1607
James	Riddell	12/9/1948	28350
Betty	Delong	9/17/1952	73565
Joanne	Taylor	8/14/1994	70660
Felicia	Lancaster	6/14/1953	18211
Jennifer	Hidalgo	9/5/1969	15962
Lois	Smith	1/28/1964	83550
Debra	Weiner	12/19/1972	33805
Allie	Prom	5/19/1946	24400
Ronald	Foster	10/2/1942	68255
Brian	Williams	3/31/1956	94533
Ida	Saucedo	10/22/1974	41048
James	Murphy	12/5/1992	33775
Diane	Wilson	9/22/1958	47623
William	Reed	11/26/1987	67287
Richard	Sanchez	12/5/1966	63651
Jacqueline	Karas	4/20/1976	39619
Wanda	Barber	12/18/1991	69456
Ruth	Taylor	2/16/1950	47791
Tracy	Haider	2/13/1998	41953
Rose	Ruley	1/7/2003	74103
Shaun	Hall	1/18/1960	29662
Helen	Pomerleau	3/10/1962	73258
Alicia	Dieter	9/25/2000	4600
Gordon	Brown	7/18/1942	11328
Stacie	Harris	1/27/1954	66970
Peter	Chen	12/16/1948	7193
Martha	Schmidt	3/24/1953	26464
Jenny	Adams	9/8/1978	22088
Clarence	Davis	6/15/1949	34042
Rose	Smith	2/18/1953	94522
Mike	Woodall	2/18/1960	88901
James	Lee	1/31/1945	90418
Filomena	Trahan	1/4/1959	82530
Damien	Brott	3/28/1949	52918
Cora	Alderete	2/4/1997	14294
Heather	Eiland	3/3/1974	80320
Carl	Simmons	6/21/1959	77602
Mary	Dickey	9/29/1941	99791
Louis	Phoenix	8/19/1979	71451
Stephanie	Miller	3/29/1965	74522
Ronald	Weaver	6/9/1977	26899
Stephen	Dickinson	7/1/1966	17284
James	Perry	6/5/1961	81299
Jerry	Evans	2/16/1952	23935
William	Murray	4/19/1981	50636
Roberto	Perkins	7/1/1953	97898
Jamie	Frye	12/11/1986	83308
Emma	Artis	12/2/1944	940
Billy	Dardar	11/8/1939	12380
Romana	Alaniz	3/16/1952	98060
Enrique	Johnson	7/2/1962	69185
Celia	Houston	2/29/1984	44584
Willa	Meyer	7/28/1960	20725
Elise	Williams	3/24/1957	52542
Clyde	Laprade	2/3/1981	87223
Ruby	Darnell	8/9/1984	41680
Barbara	Thurman	11/22/1993	40056
Gary	Lopez	6/4/1971	71009
Charlie	Kumar	10/13/2002	88661
Ignacia	Schneider	11/13/1955	48063
Shantelle	Peterson	11/17/1939	85655
Ian	Guevara	9/24/1940	60117
Marsha	Fields	1/5/1940	44020
Elmer	Foster	4/10/1959	47987
Sheila	Hill	4/22/1961	18984
Rhonda	Alber	11/27/1946	65256
Zella	Bruton	12/11/1981	96642
Logan	Banks	9/13/1947	58863
Davis	Taliaferro	8/4/1943	40533
Devon	Nash	12/16/2003	24343
Buford	Skelton	9/2/2001	84924
Barbara	Bunch	5/25/1941	89814
Philip	Whaley	11/13/1959	40725
Ronald	Hall	5/3/1986	34797
Carina	Newman	10/28/1991	68784
Delbert	Womack	10/13/1963	67210
Peggy	Patel	10/1/1940	55124
Ina	Walkowiak	8/3/2001	19808
Alba	Wilson	5/24/1974	31849
Linda	Provost	2/8/1967	21585
Wilma	Poole	11/1/1941	33832
Angel	Tillman	6/21/1960	87742
Richard	Green	1/29/2001	28813
Alicia	Pangle	2/3/1937	73383
Karin	Benson	10/19/1956	39312
Andrew	Williams	6/24/1985	27493
Ethel	Crum	7/31/2001	84010
Agnes	Neil	6/1/1940	84631
Jason	Tanner	12/5/1998	12261
Ernest	Hernandez	11/8/1991	89208
Louis	Rice	4/23/1972	33679
Kenneth	Baker	7/4/1956	22635
Robert	Donnell	12/17/1952	70083
Diann	Martin	11/18/1984	34249
Virginia	Malm	12/8/1990	85882
Melinda	Kellar	5/25/1942	99129
Joshua	Ramos	12/17/1946	34830
Willie	Vaughan	5/9/1985	4587
Claudia	Brooks	5/8/1983	72812
William	Edmonds	4/6/1937	2373
Eric	Campbell	7/20/1961	72278
Larry	Vaca	3/21/1966	61046
Dana	Hedgepeth	10/16/1978	86816
Jean	Campbell	12/10/1961	29617
Penny	Hurst	3/17/1951	58316
Carmen	Roberts	6/15/1999	97727
Kathy	McCartney	12/29/1940	83526
Glenda	Tillman	2/6/1946	44818
Nakisha	Frame	12/17/1969	79137
Jose	Pehrson	1/20/1973	73680
Clark	Day	7/3/1957	76949
Mary	Lewis	12/19/1947	39240
Geneva	Morgan	12/8/1939	85264
Carol	Hernandez	6/29/1955	3533
Mabel	Bouck	9/6/1967	36083
Elaine	Hartfield	5/28/1961	32633
Kenneth	Perez	12/16/1939	39291
Kurt	Shackleford	4/16/1941	29757
Carlos	Shoop	3/17/1992	15702
Phyllis	Satterfield	7/14/1951	19245
Stacey	Hinson	5/25/1983	95466
David	Poole	10/18/2003	24917
Carol	Davis	1/19/1963	99466
Joseph	Rodriguez	2/12/1984	59252
Douglas	Willis	10/15/1940	53168
Willie	Jaramillo	10/15/1993	7600
Lucy	Bondurant	5/2/1971	23655
Anna	Kroeker	1/7/1999	46955
Charlotte	Lessard	4/29/1955	41466
Dorothy	Henley	3/20/1951	7968
Fran	Sato	2/20/1986	12768
Marion	Moreno	3/22/1956	39612
Jeff	Luckett	12/12/1959	12634
Grover	Rickard	10/19/1950	76349
Jodi	Stanley	9/5/1977	79729
Eleanor	Rodriguez	5/1/1984	64910
Marleen	Rembert	10/7/1943	76019
Robin	Campos	8/16/1950	38204
Peggy	King	1/5/1960	70778
Ricardo	Harrison	2/20/1998	92611
Herbert	Clayborn	12/12/1984	9011
Maryann	Griggs	12/18/1996	45298
Heath	Shea	3/3/1981	15565
Perry	Arrowood	6/19/2002	25302
John	Vaughn	4/17/1976	92739
Robert	Trujillo	3/21/1973	5834
Alice	Fletcher	7/18/1990	42773
Irene	Bradley	11/15/1955	19338
Ervin	Dawson	7/8/1962	35379
Roxanne	Colon	3/3/1942	64937
Paul	Hight	5/16/1966	93114
James	Barkley	9/9/1979	57975
Sandra	Chandler	4/21/1994	22103
Michael	Bostwick	12/25/1948	63314
Jacqueline	Kelson	11/11/1994	1420
Jerrie	Frias	10/16/1981	65406
Barbara	Watkins	4/29/1979	86226
Stephen	Newton	5/17/1978	47313
Holly	Bond	12/30/1943	10721
Cindy	Stump	6/9/1983	14834
Jose	Russo	6/13/1994	53285
Ben	Maness	12/13/1960	99225
Princess	Brown	6/30/1952	87927
April	Fletcher	12/26/1958	52088
Richard	Shelor	2/26/1988	19447
Eleanor	Campbell	4/15/1938	65997
Marc	Gray	12/24/1990	86055
Grace	Mateo	10/20/1979	45681
Susan	Jenkins	6/25/1988	41086
Patricia	Williams	1/17/1980	2735
Juan	Shepard	10/24/1947	89594
Beverly	Williams	10/23/1992	85724
Denise	Robinson	11/13/1951	91098
Bryan	Murphy	5/18/1974	86077
Anthony	Schaff	12/31/1993	84919
Kenneth	Parra	4/5/1956	14548
Robert	Sowers	1/15/1993	34409
Lisa	Martin	1/13/1983	50852
Shirley	Jones	9/25/1971	77908
Louise	Murray	7/6/1965	63505
Christine	Gullo	8/29/1976	97006
Emily	Bretz	2/7/1966	59123
Rafael	Coleman	8/31/1992	34554
Elizabeth	Morrison	8/19/1960	93676
Delores	McKee	7/27/2003	44265
Kathleen	Coward	11/1/1982	53088
Anna	Grant	2/25/1944	33223
Krystle	Green	6/18/1937	29876
Maria	Botts	6/10/1941	28671
Rita	Otter	3/16/1986	45825
Kathryn	Morgan	8/10/1973	59758
John	Meece	5/23/1984	33050
John	Phillips	10/25/1970	49222
John	McCune	3/13/1974	52498
Eric	McGuire	4/27/1990	66387
Monica	Meadows	8/21/1940	95766
Mary	Hill	12/31/1955	60364
Lauren	Arce	4/24/1981	27455
Kathleen	Espinal	11/13/1997	34142
Daisy	Brown	4/5/2000	78219
Jerry	Peterson	5/21/1942	90077
Eunice	Lish	10/21/1953	47542
Patricia	Robinson	12/11/1978	91944
Claire	Schwenk	7/12/1989	48075
Matthew	Lara	9/5/1980	99669
Refugio	Vernon	7/27/1984	75526
Glenn	Brown	11/19/1993	82934
Gloria	Chandler	9/28/1983	94208
Blake	Wilkins	10/20/1973	89373
Brian	Roberts	12/9/1988	73840
Barbara	Fields	10/19/1966	8286
Cynthia	Ewing	7/26/1971	85386
Judy	Harris	8/4/1950	10002
Alexander	Clark	2/13/1984	93051
Gene	Batiste	5/26/1966	57441
Christena	Rodriguez	6/16/1966	78916
Sue	Dyer	11/25/1945	30862
Chad	Morris	5/29/1956	62869
Julie	Hardy	7/1/1959	57348
Margie	Wargo	12/29/1964	72443
Richard	Phelps	3/25/1943	35207
Cecelia	Combs	12/14/1956	69033
Daryl	Scott	5/17/1985	97346
Terry	Goldman	5/6/1984	6229
James	Gilmore	9/19/1997	24916
Anthony	Hyland	8/25/1995	3749
Eleanor	Hayes	8/6/1981	58176
Steven	Woods	9/4/1986	58417
Casey	Rogers	5/14/2000	33774
Joseph	Fisher	6/14/2002	9438
Edward	Moore	2/22/1997	31714
Ann	Parry	1/29/1990	41116
Andrew	Brown	2/11/1982	46514
Ryan	Profit	10/3/1968	86000
Lamont	Williams	6/30/1985	67829
Phyllis	Harmon	12/11/1968	13841
James	Massie	2/11/1943	84587
Frank	Putman	8/28/1997	75723
Marie	Luis	4/24/1946	3511
Brigida	McShan	8/25/1982	63827
Jonathan	Blanton	4/14/1984	70816
Trevor	Woodruff	1/27/1944	62397
Raymond	Eastman	4/7/1954	8244
Marion	Murphy	11/4/1960	6325
Cynthia	Leach	6/18/1954	48141
Kathleen	Leal	12/12/1976	22696
Jean	Burkes	1/15/1942	18433
Grace	Delee	3/14/1999	42275
Stephen	Morgan	11/19/1978	41975
Kevin	Smith	1/28/1983	85299
George	Welch	2/14/1973	28264
Deborah	Brand	7/26/1990	36943
Rose	Fenley	5/5/1937	59349
Michael	Montano	1/13/1972	22652
Joe	Lopez	11/25/1973	31701
Margaret	Keeley	2/12/2001	77813
Valeria	Jose	10/17/1939	2251
Kathline	Martin	6/10/2000	10735
Kathleen	McGowan	10/26/1988	61620
Karen	Crawford	7/27/1964	35332
Timothy	Wass	12/17/1939	37673
Mary	Hanson	11/25/1990	48140
George	Stokes	7/15/1944	53534
Patrick	Scott	12/12/1968	67093
Arthur	Palmer	6/4/1954	56792
Bernadette	Mason	2/24/1962	44945
Cristen	Orosco	6/20/1971	69547
Lois	Nguyen	7/11/1949	36048
Ryan	Ellis	12/1/1992	58670
Nathan	King	9/30/1984	31391
Emanuel	Jensen	6/27/1977	12643
Thomas	Powell	10/11/1940	47194
Matthew	Farrow	11/27/1959	92696
Donald	Powell	12/3/1956	81577
Rosalva	Woods	4/22/1970	83272
Jose	Lambert	10/8/1944	99712
John	James	4/7/1982	35933
John	Besser	2/21/1966	65435
Diane	Crowe	1/5/1968	68229
Jon	Davis	12/26/1950	8749
Angel	Winstead	11/12/1939	85729
Jeffrey	Thompson	10/21/2002	32114
Daniel	Hill	4/4/1965	57963
Keely	Ealy	9/18/1954	17997
William	Jefferson	4/22/2002	2241
Evelyn	Mays	7/4/1952	50552
Jill	Ramsey	4/14/1996	75759
Sylvia	Kidder	5/30/1999	34440
Joseph	Dey	11/10/1990	3381
Gary	Patterson	4/12/1992	40027
Douglas	Foley	12/15/2000	48972
Allen	Lopez	12/30/1989	88879
Tina	Marchand	8/4/1958	57156
Ray	Messer	12/18/1973	41223
Anna	Brown	5/11/1948	78964
Jeannine	Monroe	6/21/1961	64196
Lawrence	Hyatt	7/10/1941	53086
Donald	Rice	9/17/1955	40151
Glenn	Dooley	1/10/1969	24075
Cecilia	Pyron	2/3/1990	20394
Danny	Blount	2/27/1994	53337
April	Davis	4/3/1990	26521
Ophelia	Samayoa	9/18/1991	19006
Mark	Lipton	4/6/1942	38786
Brandon	Coleman	5/24/1968	61420
Joan	Phaneuf	10/16/1985	89051
Elinor	Cotto	10/1/1939	59647
David	Brown	4/7/1949	5338
Bessie	Dunn	6/11/1969	92758
David	Odom	8/19/1978	58252
Kevin	Row	10/28/1952	61288
Duane	Richards	10/30/1994	39997
Christian	Ali	11/16/1940	39134
Pedro	Winstead	11/21/1973	59542
Leslie	Brennan	7/2/1990	5803
Kathy	Day	2/15/1944	55172
Mary	Haddad	12/25/1982	73544
Robert	Ly	11/10/1994	35754
Larry	Sherman	7/22/1959	11670
Cindy	Richardson	4/22/1940	30265
Donald	Corona	5/18/1944	35621
Joseph	Johnson	3/4/2001	29824
Grant	Lee	9/15/1995	70008
Vicki	Smith	4/24/1966	33806
Joyce	Broaddus	3/14/1966	85720
Sean	Wilkins	3/24/1945	88636
Catherine	Pugh	10/17/1937	35827
Gary	Preston	4/18/1987	8967
Jacqueline	Nall	9/20/1998	40384
Georgette	Anderson	7/17/1937	81084
Theresa	Emery	7/22/2003	65902
Roy	Kessler	2/3/1984	19043
Albert	Gannon	12/18/1952	96645
Angela	Westbrook	6/7/1957	24305
Jamie	Nettles	7/7/2002	66183
Margaret	Edmond	6/21/1940	91229
Ryan	Compton	1/13/1954	74713
Richard	Gerrard	6/24/1981	46701
Lawrence	Taylor	9/11/1964	99654
Laura	Browning	5/11/1997	79213
Luke	House	2/21/1975	66661
Casey	Howell	5/5/1998	39442
Genoveva	Bisson	6/8/1992	93418
Kathryn	Mullen	11/21/1999	17938
David	Ward	11/30/1953	36329
Willia	Corcoran	7/27/1997	21052
Libby	Zuniga	5/17/1965	58602
Pamela	Yanez	6/12/1957	19785
Matthew	Williams	10/13/1962	17173
Roberto	Green	8/10/1938	97039
Timothy	Nunez	5/12/1975	71411
Melissa	Gurley	10/24/1943	14720
Betty	Porche	5/4/1987	78515
Michael	Evans	6/26/1995	75531
Alicia	Brooks	1/24/1943	73600
Terri	Connor	8/6/2003	11600
Robert	Soto	10/25/1971	92407
Kathryn	Rayner	6/8/2001	11752
Robert	Dunneback	6/18/1966	63308
Brandon	Gilliland	7/16/1940	75463
Sarah	O'Donnell	12/29/1956	49600
Fredrick	Romero	11/27/1948	10526
Alma	Sanchez	9/29/1973	4125
Micheal	Rouillard	2/21/1950	68825
Thelma	Figueroa	9/10/1946	52460
William	Wilson	10/1/1993	39841
Kathleen	Alonso	7/15/1993	50070
Leroy	Pagan	11/14/1939	26659
Mattie	Grice	2/4/1988	99725
Eugene	Stclair	7/16/1991	9697
Thomas	McFarland	8/4/1971	48028
Erica	Black	3/25/1943	12169
Dorthea	Edwards	12/2/1993	29299
Dean	Barber	12/23/1978	86356
Berry	Mora	12/12/1978	19535
James	Grider	5/3/1948	51909
Yvonne	Clarke	1/10/1991	8754
William	Duarte	8/23/1991	68001
Robert	Campbell	10/16/1968	43445
Dianne	Dowell	4/18/1996	39855
Raymond	Bullock	7/6/1966	45808
Bryan	Langley	10/26/1973	43000
Bertha	Osborne	9/24/1982	71879
Alfreda	Piggott	6/16/1957	64959
Mildred	Lindley	7/27/2003	74658
Aaron	Tetrault	8/13/1938	5754
Manuel	Clark	4/29/1974	6343
Amanda	Hollander	4/3/1993	5828
Mary	Chappell	10/14/1983	38031
Erin	Shelton	2/17/1951	54434
Andrew	McGhee	12/11/1951	47866
Edna	Cunningham	3/31/1984	95441
Delores	Gray	9/14/1952	46353
Jerry	Duby	11/21/2003	62228
Patrick	Marshall	12/31/1986	93426
Vicki	Distefano	1/25/1965	16128
Trevor	Pace	10/31/1989	41493
Alan	Cruz	11/27/1995	86812
Autumn	West	1/19/1974	85939
Patrick	Holloman	6/10/1946	7353
Timothy	Stokes	10/2/1976	43094
Todd	Nelson	4/28/1965	44028
James	Bailey	12/26/1944	36543
Augusta	Francis	2/14/1956	94991
Claire	Butler	7/6/1987	50794
Dave	Thomas	1/24/1985	42555
Tim	Cooper	5/21/1937	35727
James	Lopez	9/14/1984	83175
Paul	Haynes	7/29/1961	42369
Margaret	Villalobos	4/29/1978	18993
Kathryn	Hockensmith	5/27/1967	37823
Alice	Pate	9/6/1988	63140
Paulette	Emerick	8/28/1948	95344
Tony	Ho	11/27/1970	40024
Robin	Peery	10/1/1973	85451
Jason	Kenny	3/19/1993	22207
Melvin	Leal	7/29/1952	50250
Anderson	Arce	7/8/1974	30933
Theresa	Kugler	3/23/1965	29583
Lee	Owens	10/10/2001	33203
Sylvia	Johnson	11/13/1982	96999
Charles	Clark	6/10/1994	16674
Adrian	Perez	9/12/1962	71191
Eric	Wilson	4/13/1952	87103
Marcus	Flores	12/22/1958	50723
Michael	Pierce	3/14/1945	33934
Bernita	Platt	11/11/1957	61974
Peter	Glenn	2/8/1979	90916
Lauri	Caverly	11/16/2003	98766
Faye	Jones	9/1/1983	94036
Kyle	Whitlock	5/2/1986	45819
Margaret	Titus	10/28/1948	94093
David	Bostic	3/25/1971	85147
Katrina	Eagle	8/19/1988	38032
Charles	Reed	5/24/1991	35741
Edward	Hinojosa	2/6/1959	59827
Gerald	Middaugh	2/9/1937	86109
Robert	Martin	6/13/1970	42149
Kristina	Omalley	12/2/1944	42127
Susie	Morris	10/10/1952	68325
Debra	Massey	5/9/1992	50966
Neville	McCombs	2/12/1989	87619
William	Smith	9/27/1962	4483
Jeanne	Sanchez	6/8/1975	56415
Judy	Foran	10/13/1998	24645
Larry	Ramirez	4/30/1955	70203
Frances	Sims	11/30/1938	72828
David	Lyon	3/2/1959	94708
Kevin	Tews	9/30/1997	25854
Christine	Fisher	11/25/1954	16923
Steven	Shields	7/24/1989	79306
Jeannette	Eastman	3/22/1992	45390
James	Smart	6/24/1957	22001
Dennis	McClure	8/28/1953	81320
Norma	Chambers	6/8/1951	81672
Sherry	Molina	4/6/1997	92768
Stephanie	Shields	9/25/1988	61783
Robert	Parks	10/18/1966	45839
Crystle	Thornton	12/24/1991	70364
Guillermo	Kemp	6/20/1959	77763
Helen	Cassady	2/14/1965	10582
Reyna	Ketterman	10/31/1978	3552
Willis	Greenwood	10/24/1989	34402
John	Peterson	10/29/2002	9478
Cora	Lunsford	2/16/1943	38387
Joseph	Martinez	1/16/1968	68606
Charles	Barrett	4/17/1956	522
Edward	Mock	1/22/1966	38086
Kristi	Moore	4/5/1948	95113
Mark	Fields	11/17/1967	80383
Mark	Jarrett	5/31/1969	84465
Kimberly	Hunt	1/12/1979	5157
Diana	Jones	9/21/1998	91341
Kimberly	Carlucci	4/23/1988	15001
Michele	Napier	6/13/1947	42222
Cheryl	Boynton	10/3/1944	20078
John	Faulkner	8/24/1998	50214
Terence	Ramsay	4/24/1976	42527
Anthony	Helle	5/4/1995	67848
Joseph	Armstrong	9/8/1989	29082
Roger	Schnell	2/22/1949	563
Jerome	Lopez	9/24/1953	68450
Rene	Clarke	12/23/1973	93388
William	Wright	10/19/1985	88887
Jerome	Woodward	12/28/1988	4628
Jessie	Kenny	1/15/1950	56143
John	Bradley	8/26/1941	38663
David	Park	7/2/1991	65229
Luis	Bizzell	3/26/2002	78808
Philip	Grubbs	6/11/1954	47576
Corey	Campbell	6/19/1955	32916
Robert	Clark	12/4/1996	36447
Mary	Abernathy	10/24/1937	42835
Gerald	Geddes	3/24/2003	91014
Ivan	McKay	1/19/1942	38688
Franklin	Stevens	12/18/2001	22153
Reuben	Grisham	11/1/1939	91847
Ines	Marshall	10/28/1957	80379
Joseph	Walker	8/30/1959	32583
Robert	Mickens	1/4/2003	99193
Troy	Fredericks	12/16/2002	29827
Mary	Novello	6/6/1956	87888
Marlene	Talbot	3/5/1979	47688
Kristine	Smith	11/6/1937	63414
Dorothy	Downs	2/14/1991	66475
Ricardo	Bryant	10/19/1957	96940
Raphael	Keeter	7/31/1937	19533
Ronald	Carson	6/14/1943	55340
Ruby	Allman	4/12/1985	13396
Christopher	Rowe	5/31/1999	51234
Ardith	McCoy	9/29/1976	52731
Wesley	Johnson	1/17/1982	71077
Andrea	Castellanos	4/21/1985	30399
Marco	Mills	10/10/1946	71641
Diana	Hampton	1/28/1939	72372
Rodney	Briggs	10/31/1972	43974
Patrick	Davis	3/19/1961	50203
Erin	Ackerman	2/1/1966	4788
John	Wynn	2/13/1996	47418
Jeffrey	Owens	9/7/1995	27286
Lori	Scott	1/26/1963	47950
William	Parker	5/3/1961	58802
Reginald	Danielson	11/7/1947	20015
Louis	Smith	10/7/1937	62767
Angela	Lewis	8/7/1956	86068
Nicolle	Wiles	7/13/1956	51430
Marion	Grant	9/22/1972	45776
Julie	Dempsey	2/14/1972	85254
William	McClain	12/13/1937	23594
Dirk	Nunez	5/12/1985	67691
Bethany	Davis	9/26/1942	75994
William	Rivera	6/15/1952	36618
Ruth	Mickelson	11/18/1937	72343
Nora	Williams	4/24/1972	15743
Angela	Hutchinson	11/8/1987	27483
Shawn	Sanchez	9/1/1953	28340
Edward	Valenzuela	12/19/1981	12800
Francine	Amundson	12/13/2002	42370
George	Quick	6/6/2002	11064
Ellen	Jones	9/13/1951	97711
Emilie	Cruz	3/30/1981	76793
Ronald	Collins	6/24/1987	36457
John	Wilson	3/29/1973	36464
Ashley	Nelson	7/19/1998	23991
Timothy	Huffman	10/30/2002	42901
John	Bassett	10/3/2002	23438
Charles	Pincus	11/18/1974	19285
John	Sturgeon	10/7/1939	59589
Nicole	Woods	6/29/1992	76839
Toby	Chong	2/28/1998	53447
Keith	Poe	7/26/1990	14341
James	Owen	4/29/1977	20398
Melanie	Welling	2/18/1943	19977
Linda	Hayden	6/5/1939	81121
Cynthia	Phillips	9/19/1940	10618
Jed	Crosley	6/29/1999	89985
William	Quintanilla	2/23/1950	33489
Damon	Stimson	6/15/1962	1434
Vera	Rowlands	7/8/1937	81155
Lisa	Andrade	7/18/2003	68908
Richard	Campbell	11/30/1986	86272
Ethel	Pate	9/27/1971	33252
Karen	Clark	11/5/1937	84150
Florence	Figueiredo	10/2/1990	16171
Edris	Johnson	7/23/1948	22102
Al	Kern	6/12/1978	6871
James	Vanhoose	6/28/1944	76984
Stella	Ngo	4/28/1962	3654
Janna	Calles	5/27/1948	29280
Helen	Baker	4/2/1957	89400
Andrea	Galusha	10/7/1988	37003
Tonya	Lee	7/27/1962	3149
Amanda	Cowan	9/10/1948	68989
Mattie	Davis	3/30/1986	47317
Kathy	White	1/22/2000	38206
Odessa	Watson	8/17/1983	27404
Michael	Lackey	12/7/1990	44703
Albert	Wells	12/6/1939	35997
Jonathon	Janis	11/17/1963	26270
Lance	Nickerson	3/9/1966	50943
Victor	Kane	4/30/1967	48336
Bernard	Mapes	2/17/1960	38814
Paul	Smith	9/14/1942	27351
Juan	Auten	7/11/1999	75646
Gary	McCleery	6/26/1951	27273
Ian	Gano	11/14/2002	6102
Roosevelt	Waring	2/15/1991	29297
Hubert	Taylor	11/11/1941	98979
David	Hansen	11/7/1974	57138
Thomas	Jacobs	10/17/1984	10579
Brain	May	3/27/1990	72600
Steven	Wetzel	4/30/1972	3445
Lawrence	Biddle	4/4/1956	36883
Willis	Greenwald	8/13/1997	44509
Susan	Lopez	9/18/1975	91579
Betty	Link	10/18/2003	3158
Linda	Hobson	1/18/1953	15707
Joan	Webb	1/14/1997	52338
Arturo	Saner	11/2/1967	25114
Jodi	Rodriguez	11/2/1990	52276
Kenneth	Russell	11/4/1996	50389
Mary	Vreeland	8/13/1939	70016
Keith	Casiano	11/30/1980	91611
Charlene	Larson	6/22/1987	36230
Laurence	Olson	7/18/1995	85783
Mildred	Hicks	6/8/1954	28427
Charlotte	Ayers	7/30/1992	53799
Roberto	Martin	7/20/1960	81015
Robert	Pollack	1/25/1943	45994
Joseph	West	6/29/1973	54059
David	Castillo	12/16/1990	17406
Frankie	Beltran	4/29/1992	71587
Betty	Fine	11/14/1943	985
Mary	Roseman	3/4/2001	8457
Edwin	Matthews	6/23/1951	84744
Susan	Long	3/3/1986	63778
Troy	Brown	12/2/1993	39931
Ada	Williams	8/15/2002	16950
John	Roberts	1/12/1983	21149
Shay	Scheidt	4/30/1998	90754
Nicholas	Albritton	1/8/1978	77359
William	Redd	8/9/1969	75239
Lyman	Noyola	6/11/2000	31418
Chantel	Camacho	2/20/1988	45999
Lee	Hill	1/28/1989	89998
Jamie	Clanton	5/29/2003	17355
Sandra	Schock	7/21/1938	80382
Delores	Holt	10/8/1977	19544
James	Hadley	9/29/1949	74921
Allen	Rine	12/4/1973	18144
Felicia	Valero	2/9/1938	21113
Rufus	Henderson	9/8/1955	20807
Karen	Royse	4/15/1980	16807
Patrick	Breeding	11/4/1988	69279
Margaret	Grier	3/12/2002	42349
Sonia	Vinson	9/20/1970	82649
Jeanna	Bailey	9/11/1991	54921
Erika	Peel	9/4/1992	57755
Julie	Brown	10/19/1985	60515
Ronald	Dodson	3/10/1948	27882
Gary	Alexander	6/4/1969	65884
Clement	Stephens	1/17/1961	91858
Kim	Pinckney	9/7/1975	37169
Martha	Torres	10/22/1959	18979
Gary	Davis	11/28/2000	52939
Donna	White	10/17/1937	29800
Linda	Senior	8/26/2000	39788
Jonathan	Moore	4/7/1972	65296
Fran	Amon	11/30/1970	69292
Tracy	Hendricks	2/12/1987	72610
Brian	Logan	9/4/1995	44524
Kathleen	Aarons	10/7/1958	91791
Dana	Cronin	5/28/1939	99736
Louis	Harris	1/12/2004	65507
Timothy	Castro	12/23/1995	16313
Debra	Shope	3/23/1949	99394
Michael	Anderson	8/27/2002	88451
Carl	Pinion	10/29/1983	48702
Alexander	McMahon	10/25/2000	54551
Todd	Ramos	7/2/1963	50228
David	Bradshaw	11/1/1976	2036
Ronald	Dye	4/8/1966	36862
Kevin	Hall	10/19/1994	26221
Dale	Haro	8/25/1966	79507
Elaine	Lam	9/12/1989	104
Lawrence	Westbury	1/25/1992	8383
Catherine	Nigro	2/22/1998	15939
Judy	Lee	11/29/1945	82510
Rudy	Smith	12/2/1950	28491
Anthony	Bodnar	2/1/1940	43005
Jacob	Williams	1/31/2000	4946
Gracie	Alfonso	5/1/1948	19368
Christopher	Hurst	4/15/1991	88005
Dwayne	Anderson	9/26/1975	65711
David	Carone	4/14/2001	93302
Ronald	Coffee	2/21/1995	80241
Larry	Nagle	7/7/1999	25545
Rita	McKay	3/16/1941	54624
Gary	Carroll	4/24/1998	20892
Melisa	Vann	12/6/1950	8571
Bryce	Coleman	3/24/1951	23237
Kathy	Collins	5/24/1944	59263
Joseph	Toman	9/19/1992	9268
Kelly	Schwartz	10/16/1980	82165
Danielle	Boykin	4/16/1959	7560
Gary	Brown	3/18/1946	2070
Monica	Ard	3/12/1941	75246
Guillermina	Ott	8/29/1954	41274
Oscar	Estes	1/26/1982	6428
Victoria	Hudgins	5/25/1958	6031
Joan	Baughman	3/3/1965	19178
Edward	Holland	9/25/1990	97533
John	Grigg	5/21/1973	40525
Joy	Holmstrom	4/26/1950	6110
Mary	Stumpf	11/1/1962	4135
Jane	Macha	5/12/1961	18183
Leroy	Pierce	10/30/1941	9410
Roger	Wolf	8/17/1995	63689
Larry	Thomas	11/29/2003	13215
Johnathon	Mayo	3/3/1977	90561
Leonard	Jones	9/20/1968	32138
Virginia	Schank	7/2/1969	5524
Jason	Flores	4/21/1971	69116
Mike	Morris	5/7/2002	21772
Barry	Arnold	7/31/1986	80263
Audry	Burney	3/31/1977	42052
Wanda	Fulkerson	6/20/1952	77950
Carol	Fenton	2/10/1937	28444
Clarence	Dorsey	10/6/1956	37810
Chad	Mosquera	5/21/1966	63244
Florence	Hudgens	7/13/1960	28275
Mary	Cook	9/30/1979	69392
Bruce	Anderson	2/11/1943	89654
Jesus	Donovan	11/4/1978	40261
Jamey	Fahey	8/12/1953	39987
Dorothy	Cope	7/25/1956	50678
William	Gregory	10/20/1966	46067
Florentino	Jackson	2/28/1960	84745
Steve	Johnson	9/6/2003	21754
Robert	Plummer	10/29/2001	70397
Joseph	Bellows	2/18/1983	74219
Joann	Hernandez	7/15/1975	61906
Josh	Stewart	2/26/1976	41475
Jimmy	Heath	7/3/1950	21438
Debra	Singleton	5/12/1984	17447
Clinton	Belew	1/6/2000	52335
Anne	Jolly	3/1/1950	7078
Joan	Buterbaugh	11/9/1945	31107
Benjamin	Sokol	5/14/1976	27991
Amber	Clark	4/8/1976	3068
Lisa	Ham	1/3/1958	75872
Bryan	Harmon	10/20/1951	60369
Thelma	House	8/22/1992	12900
Shari	Cox	2/18/1974	22015
Ron	Keffer	10/5/1961	87449
Mattie	Thompson	8/28/1992	88139
Rosa	Hodges	8/17/1976	43634
Clarence	Thomas	1/4/1940	26736
Joyce	Ewing	7/15/1942	80842
Maria	Costello	12/18/1969	38033
Ronald	Cauthen	12/15/1991	10593
Bertha	Upton	7/18/1987	43654
Victor	Morrison	1/15/1955	52410
Nydia	Blanco	8/2/1977	46086
Laura	Harmer	1/13/1955	61029
Nicholas	Johnson	9/4/1999	14025
James	Preston	2/2/1977	6227
Jennie	Stewart	12/12/1999	46241
Cody	Garcia	2/23/1943	98292
Virginia	Lynch	11/10/1954	84719
Charles	Nash	11/26/1943	21612
Jeremy	Smith	10/31/2002	82430
Patrick	Smith	10/22/1937	27117
Cheryle	Jones	4/5/1960	22239
Peter	Goodloe	5/3/1990	29779
Donald	Zeigler	7/9/1981	449
Richard	Shapiro	1/31/1977	40920
Michael	Smith	12/7/1942	61060
William	Smith	4/6/1955	99386
Shirley	Fleming	5/2/1997	67700
Jacqueline	Santos	8/14/1959	93899
Tina	Earhart	6/8/1993	13166
Mercedes	Spear	2/5/1956	42081
Angel	Mynatt	1/31/1941	19054
Mikel	Nelson	6/8/1968	8779
Mary	Perez	5/24/1970	76469
Kelly	Wren	6/28/1956	45615
John	Nguyen	11/20/1951	48834
Brittany	Tam	6/23/1975	25880
Ada	Holsinger	4/3/1962	54200
Clark	Mills	3/8/1973	45957
Laura	Washington	12/9/1963	63666
Linda	Wiggins	6/26/1976	86639
Cyril	Sanders	4/30/1967	74415
Douglas	Tucker	1/19/1993	96861
Davida	Kelley	8/8/1989	77868
Maria	Sallee	7/14/1972	98878
Brian	Berry	12/30/1966	92774
George	Harris	2/18/1959	67445
Glenda	Alexander	10/20/1965	53252
Bernard	Fuller	9/8/1963	90849
Catharine	Price	3/25/1998	63674
William	Damiani	12/7/1997	28969
Shaina	McDuffy	4/16/1957	85385
Elizabeth	Lavergne	1/11/1987	88502
Jerome	Hamblin	8/25/1972	36963
Dorothy	Copes	1/6/1952	72648
Veronica	Clark	8/11/1937	53263
John	Floyd	8/31/2000	90028
Charles	Savage	9/26/1979	40615
Wanda	Mohr	10/4/1950	80751
Ricky	Parker	3/1/1971	33102
Pamela	Mendoza	1/23/2000	61847
Robert	Haught	3/7/1976	41858
Versie	Fisher	9/19/2001	30494
Helena	Kruse	9/7/1973	51681
Gary	Gutierrez	4/9/1998	63504
Victoria	Swartz	9/27/1968	85748
Kevin	Christian	2/5/1958	78802
David	McCampbell	5/13/1952	93129
Mildred	Small	6/21/1938	90496
Jesse	McDuffy	7/20/1999	99863
Guy	Wood	1/7/1939	88752
Sarah	Brown	4/4/1942	63306
Willie	Montgomery	2/25/1992	18162
Charles	Gatlin	6/30/1964	46044
John	Lewis	2/19/1937	55013
Ernest	Manzano	5/31/1960	4885
Mary	Chamber	11/16/1944	35251
Jon	Olivas	3/1/1949	97746
Lynda	Watson	7/3/1957	28550
Matthew	Parker	8/22/2000	12776
John	Lawing	10/28/1982	76352
Kimberly	Moore	2/7/1941	95597
Sylvia	Allen	10/7/1995	23595
Wilbert	Granberry	6/13/1951	57838
Nancy	Gagnon	3/22/1998	1747
Charles	Troia	4/6/1940	26306
Curtis	Moore	8/2/1937	93607
Richard	Connolly	2/28/1959	78338
Ricky	Robinett	2/10/1968	90499
David	White	8/9/1937	91360
Jason	Boyers	7/2/1948	90575
Donald	Rickman	3/14/1950	82377
George	Coggin	1/24/2000	46389
Denise	Groh	4/5/1970	51851
William	Smith	11/16/1942	57959
Emily	Herrera	3/13/1950	34161
Wilbur	Cuevas	2/26/2000	77601
Andrew	Tucker	10/19/1960	54736
Derrick	Brown	10/5/1957	73478
Paul	Lumpkin	5/3/1970	38061
Abbie	Phillips	7/9/1959	6369
Gus	Howard	4/13/1998	19426
Joseph	Crown	5/19/2000	27045
Jacqueline	Deleon	9/7/1979	29094
Leopoldo	Jackson	6/23/1988	40007
Jaime	Phelps	7/5/1998	3034
Lucille	Hill	7/4/1977	41309
Patricia	Perry	2/3/1948	20229
Reuben	Shadwick	5/10/1938	8362
Neil	Castagna	1/3/1970	15950
Wendell	Clements	2/17/1973	27070
Brian	Rudd	11/16/1952	48090
Frederick	Blankenship	12/3/1969	54522
Helen	Boyd	11/11/1975	71276
Kim	Maston	8/27/1949	22527
Kenneth	Jones	2/20/1976	39732
Francisco	Freeman	12/26/1996	36568
Julie	Lucier	3/31/1980	70563
Zachary	Torres	6/19/1947	33544
Carla	Cordero	10/8/1967	15689
Richard	Fishback	5/28/1981	95664
Paula	Baxter	1/18/1980	65429
Glenn	Carlsen	5/3/1978	30983
Raymond	Taylor	10/19/1964	79717
John	Lowenthal	10/24/1981	27923
John	Kestner	10/29/1957	89625
Cathy	Daniels	5/7/2003	3613
Olive	Anderson	7/5/1940	33847
Rebecca	Fontaine	3/16/1999	93161
Jeff	Evert	2/4/1997	32394
Amanda	Watson	8/13/1964	51625
Reynaldo	Gallardo	2/27/1945	50819
Victor	Taft	3/31/1968	72553
Demetria	Santos	9/21/1983	11920
Clayton	Bradshaw	6/30/1945	45581
Richard	Soto	3/11/2003	64228
Ted	Jefferson	4/18/1997	19743
Kathryn	Currin	6/2/1989	74442
Thomas	Correa	7/1/1977	60438
Dennis	Jackson	8/27/1957	40422
Helen	Morton	1/26/1990	94325
Anna	Brooks	6/3/1968	69942
Berry	Smith	8/8/1993	49490
Alison	Larkin	6/2/1969	89613
Juan	Peltier	1/6/1959	4731
Sandra	Edwards	9/5/1989	92964
Bobby	Monnier	2/19/1975	36752
Steven	Helton	8/5/1971	38364
Jerry	Halliburton	8/4/1953	19420
Donald	Hird	2/20/1951	78548
Nicholas	Jewell	6/23/1973	13111
Karen	Tengan	3/1/1984	17038
Charles	McKnight	1/18/1966	44183
David	Teixeira	1/21/1978	74372
Vicente	Metcalf	9/18/1957	53843
Michael	Pappas	3/15/1958	64929
Florence	Arndt	8/23/1962	64338
Jasmine	Sabbagh	11/10/1974	49430
Jeffrey	Melo	5/1/1993	36730
Tabatha	Torrez	6/14/1945	2450
Miles	Andersen	11/3/1979	12809
Barbara	Moyer	4/5/1990	12282
Vicky	Randall	12/12/1968	10935
Matthew	Lor	6/13/1962	57847
Paul	Hallock	2/16/1954	25062
Teresa	Givens	1/20/1979	61805
Lisa	Holmes	3/2/1939	39189
David	Dixon	5/24/2001	20757
Yasmin	Brown	5/26/1951	46391
Kathy	Frost	3/5/1986	60263
Velma	Vaughn	5/22/1975	2210
Louis	Russo	6/27/1939	92782
Monica	Smith	5/18/1953	30395
Howard	Huck	3/22/1965	93219
Maurice	Hoyle	4/4/1981	10228
Elise	Padilla	9/6/1945	39023
Amanda	Mills	7/11/1944	35088
David	Hoffman	1/30/1939	98584
Vonda	Morris	3/8/1955	65893
William	Allen	11/22/1994	66303
Aaron	Diego	11/8/1991	53781
Jill	Reyes	1/27/1973	87069
Carla	Burdge	7/18/1981	63647
Robert	Bruder	10/6/1978	71159
Rebecca	Bushee	9/29/2000	62272
Gabrielle	Wehr	6/4/1941	76879
Estela	Williams	9/25/1972	302
Barbara	Walker	10/23/1985	38429
Sarah	Bevis	7/12/1954	48550
Theodora	Stepp	12/1/1969	82562
Margaret	Bradley	10/27/1970	11272
Michael	Thompson	7/18/1981	23041
Daisy	Knowles	1/21/1958	22171
Alma	Biehl	8/30/1969	33061
Laura	Sanders	1/9/2003	5045
Donald	Stern	8/6/1939	41898
Barbara	Ruiz	4/17/1988	7182
Heather	Payne	7/12/1953	4590
Bryan	Dunne	12/28/2001	67122
Samuel	Goodman	1/27/1955	5670
Charles	Chew	8/10/1966	36346
Bonnie	Guy	11/10/1953	59117
Herbert	Wallace	6/29/1947	24234
Bill	Berry	5/29/1980	14969
Bessie	Sane	3/13/1964	46824
Barbara	Parris	7/21/2001	66157
William	Rohrbach	10/11/1950	52319
Meaghan	Dunlap	7/17/1938	24524
Mary	Harper	5/12/1988	94470
Thomas	Fontenot	8/10/1969	34144
Daniel	Gordon	9/26/2003	15113
Peggy	Payne	6/21/1999	69509
Betty	Cook	9/17/1944	5778
Randell	Emerson	1/21/1974	21055
Simon	Seaman	2/27/1946	77832
Paul	Johnson	12/28/1998	83918
John	Bump	3/28/1953	60245
John	Epley	1/21/1980	19042
Terry	Rudd	11/4/1953	25133
Linda	Donaldson	3/5/1971	35502
Charles	Dasher	4/8/1969	89569
Jason	Saner	11/4/1939	95906
Lula	Shepherd	11/22/1974	15119
Phoebe	Carpenter	10/28/2003	33843
Bruce	Belew	3/18/1948	56407
Stella	Thole	11/19/1983	53986
James	Wadkins	3/1/1937	70635
Jonathan	Wanner	2/24/1992	43159
Natalie	Gongora	9/8/1983	1737
Robert	Given	11/30/1995	85798
Ronald	Cross	6/22/1990	92852
Vincent	Dingle	8/5/1964	53415
Christopher	Vince	7/24/1942	17880
James	Robertson	12/15/1951	5238
Tyrone	Jacobs	5/31/1937	82523
Helen	Hobbs	12/8/1984	86604
Bobbye	Hardin	7/5/1966	44622
Terence	Andrews	11/19/1952	47234
Debbie	Sweet	9/14/1972	72233
Betty	Turner	6/28/1937	68641
June	Johnston	7/10/1984	78002
William	Christopher	4/18/1976	94680
Annabelle	Montgomery	9/23/1971	96436
Annie	Garrett	1/31/1939	86568
Reid	Green	10/28/1957	19924
Kristen	Garth	11/12/1986	59220
Lawrence	Gray	11/2/1949	52806
Carlos	Thorne	3/28/1991	74381
Amy	Musick	3/30/1961	24829
Mildred	McDonnell	3/10/1957	61581
Mary	O'Neill	3/6/1968	80617
Christine	Stark	8/24/1959	79596
Jorge	Osuna	6/28/1964	27890
Nancy	Evans	3/11/2003	33569
Luz	Woolley	9/28/1993	49417
Thomas	Wojcik	6/14/1991	68021
Adriana	Varner	4/4/1986	65830
Maura	Nichols	7/9/1976	72952
Timothy	Howard	2/24/1964	13141
Loretta	Shockley	11/14/1960	85475
Holly	Collins	10/19/1986	1738
Sharon	Nyquist	2/3/1964	34834
Thomas	Peters	11/29/1973	19080
Tonya	Vandoren	9/3/1989	85993
Otis	Smith	4/30/1978	53638
Donald	Keith	1/18/1978	52753
Robert	McMillen	4/17/1974	20490
Lydia	Grady	10/2/1996	47836
Jessica	Reyes	4/17/1953	93765
Tanya	Adams	11/1/1946	38661
John	Gannaway	10/23/1956	60532
Lorraine	Dunbar	5/19/1955	78705
James	Lawless	5/9/1964	13750
Winston	Hernandez	8/18/1955	10390
Donna	Keen	9/13/1976	53158
Matthew	Sparacino	8/17/1946	20162
Ella	Mills	12/23/1966	15817
Luis	Hunley	10/21/1998	60870
Leigh	Bixler	9/15/1960	51699
Edward	Galusha	11/8/1938	22095
Kiley	Wheeler	11/5/1973	88915
Richard	Lack	4/5/2003	8627
Tanisha	Smith	3/11/1949	35513
Allan	Simpson	2/27/1944	52304
Kimberly	Smith	7/5/2003	70702
Mike	Hamlett	5/29/1948	79737
Lisa	Gilbert	2/15/1955	71558
Teresa	Owens	4/17/1989	24672
Danielle	Thaxton	5/16/1977	25974
Jeffrey	Narron	11/22/1951	71644
Rosa	Lemire	9/30/1989	82140
Dannielle	Duncan	5/22/1975	75754
Nancy	Brown	8/23/1987	62860
Elizabeth	Goebel	1/5/1993	59110
Christina	Brown	11/24/1958	22031
Ella	Lavoie	4/8/2002	76681
Olivia	Lopez	11/22/1969	52742
Marilyn	Fink	7/4/1969	22337
Janet	Thomas	5/24/1965	57696
Bradley	Tisdale	4/14/1959	83223
Jonathon	Bishop	10/12/1985	15885
Brent	Alleman	8/27/1941	72819
Janice	Hanrahan	5/4/1959	65370
Joyce	Ross	5/23/1952	87447
Tonya	Swann	3/2/1957	63947
Alfred	Christiansen	2/1/1988	19845
Sharon	Johnson	4/29/1940	81888
Michael	Domingues	2/15/1977	48483
Terry	Tannenbaum	8/31/1998	75992
Laura	Lakes	10/27/1974	14222
William	Simpson	10/18/1978	58828
Edward	Day	7/17/1957	98892
Alfred	Whitlock	10/23/1985	82740
Emma	Bobo	6/8/1962	18307
Emily	Aguirre	5/5/1945	96523
John	Allen	6/14/2003	63020
Catherine	Ryan	6/18/1961	62341
Lee	McDonald	12/13/1956	24133
Charles	Correa	2/26/1984	40620
Michelle	White	2/28/1939	26662
Jeffrey	Johnson	1/8/1945	5819
Timothy	Couch	5/15/2002	35814
Eva	Sass	3/29/1950	15366
Leanna	Dehaven	11/11/1938	76991
Crystal	Hickey	12/15/1958	58291
Charles	Garland	6/17/1966	64624
Don	Ford	4/22/1981	54317
Arnold	Rodriquez	1/6/1962	53943
Terry	Clow	8/11/1980	28973
Walter	Franklin	5/6/1989	69707
Joseph	Page	8/28/1997	30672
Douglas	Mosley	9/19/1959	25318
Jose	Kendall	5/20/1971	29883
Emma	Aaron	6/4/1954	34792
Arthur	Daniels	4/2/1979	64517
Vanessa	Ousley	8/28/1957	50075
Robert	Avery	7/18/1948	1518
Marlene	Brown	12/14/1972	71405
Wanda	Gray	5/6/1984	38361
Ruth	Evans	7/24/1982	69190
Laura	Mill	5/14/1957	14891
Cristopher	Song	11/3/1983	4174
Rocco	Pierson	10/8/1987	66178
William	Garcia	2/19/1978	10322
Hubert	Neher	10/8/1950	40543
Frank	Ryan	1/24/1998	89234
Martin	Clifton	5/29/1971	63571
Ruth	Williams	2/13/1992	38750
Joseph	Whitten	3/7/1998	13858
Jeff	Forbes	11/9/1962	54419
James	East	6/20/1978	22556
Mary	Barnett	8/14/1953	29931
Kurt	Salas	9/27/1965	50572
Tonya	Kimmell	12/8/1980	89792
Lucille	Miller	5/31/1966	18253
Alan	Phelps	1/12/1966	35693
Sharon	Austin	6/19/2001	4419
Theresa	Mann	8/5/1982	85513
Janice	Myles	7/2/1950	77720
Brenda	Paul	7/28/1993	28184
Anthony	Alberts	11/17/2002	11000
Glynda	Hoffman	4/20/1944	92809
Madeleine	Killinger	5/20/1954	67909
Sherrie	Yarbro	10/23/1983	67367
Jerry	Shaw	7/23/1939	56860
Wm	Nance	3/31/1953	29778
Donna	Higgins	6/5/1971	19248
Stacey	Christian	8/16/1991	56224
Alvin	Clark	10/3/1963	72281
Juan	Martell	11/7/1956	7799
Janet	Jaynes	1/1/1982	64220
Dana	Greenwald	2/15/1958	36030
Mildred	Huffman	11/16/1961	85452
Anisha	Bone	5/27/1975	20598
Amber	King	12/11/1953	37161
Barbara	Wright	8/23/1954	62889
Heath	Bell	12/11/1953	47814
Micaela	Gore	10/3/1954	47312
Patsy	Hadley	11/8/1973	90933
Tuyet	Jones	1/24/1941	16955
Robert	Loveday	3/5/1967	31073
Danny	Moore	10/9/1969	66284
Margaret	Turek	11/3/1969	52969
Douglas	George	4/28/1979	12838
Elizabeth	Rouse	5/22/1999	34784
Whitney	Pearson	8/12/1995	73999
Melissa	McVey	10/28/1939	17883
Michael	Davis	2/12/1985	89995
Ida	Carpenter	1/16/1985	58517
Tessa	Ramos	9/29/1985	78084
Floyd	Naylor	3/21/1951	46011
Cornelius	Williams	4/24/1976	9587
Ann	Bruce	3/7/1992	67692
Mary	Johnson	3/9/1966	88687
Katherine	Valdez	1/29/1982	30074
Terry	Hansen	12/20/1985	82236
Sherrill	Giordano	7/1/1994	47890
Gladys	Conner	12/28/1998	84142
Larry	Blanco	9/14/1967	83643
Kim	Redmond	1/5/1967	83651
Brian	Houck	5/1/1972	57307
Gilbert	Foland	5/7/1989	78178
Justine	Goldblatt	5/25/1997	94293
Robert	Deangelo	7/31/1947	5132
Al	Pyne	8/8/1950	28112
Robert	Haynes	6/2/1949	84861
Darrell	Lopez	6/17/1978	23290
Debra	Hayden	7/20/1979	34790
Dave	Bratten	8/11/2000	10471
Donald	McColl	9/5/1963	83764
Wendy	Furman	1/29/1983	26992
Jeffrey	Gibbs	1/27/1958	86276
Helen	Taylor	4/12/1954	65916
Sherry	White	3/3/1953	21655
Angie	Noble	4/15/1971	34465
Alicia	Cruz	1/16/1979	4073
William	Green	6/15/1997	94161
Mary	Romeo	8/28/1940	16442
Carol	Silva	6/24/1958	75332
Cristina	Cruz	1/13/1966	63315
Jackie	Tanner	11/19/1966	53406
John	Small	10/14/2003	22023
Jeanie	McCue	12/30/1951	90836
Theodore	Gonzales	10/21/1997	68535
James	Bartlett	1/9/1995	31600
Tiffany	Board	7/12/1967	81090
Michael	Matthews	10/14/1971	2030
Louis	Nichols	3/29/1940	27478
Paul	Marvel	5/25/1973	37350
Nellie	Stevens	5/4/2003	48117
Joe	Mullins	9/8/1993	94947
Darlene	Quesada	10/17/1986	81992
Jose	Hendren	7/31/1996	48541
Lillie	Piazza	3/2/1946	31273
Katie	Mitchell	8/31/1971	49375
Kimberly	Chitwood	6/17/1965	80790
Magdalena	Kubiak	7/5/1975	21404
Sean	Hess	9/13/1959	33676
Harvey	Ellington	2/13/1974	50042
Christopher	Carlson	6/21/1941	70914
Albert	Webster	5/2/1998	55088
Marissa	Bonilla	3/27/1966	57799
Wanda	Welch	7/16/1965	64431
Mildred	Pope	5/15/1957	53096
Curtis	Collins	8/12/1939	92691
Brian	Manjarrez	3/23/1944	50737
Sheila	Hebert	2/12/2003	45335
Cathryn	Arena	6/26/1999	48070
Charlotte	Dendy	12/2/1983	45127
Bobby	Davis	5/22/1981	91179
Zula	Morgan	11/16/1990	70254
Michael	Ardito	12/29/1992	10007
Emma	Guthrie	12/28/2000	42767
Victor	Smith	9/12/1982	70098
Bill	Cooksey	5/1/1996	34622
Alma	Williams	5/31/1955	54631
Mary	McCain	6/4/1976	49520
Ray	Wood	4/16/1957	95666
Steven	Lovin	5/9/1950	99884
Andrea	Leonard	5/11/1999	68766
Cynthia	Abram	7/20/2002	3326
Christine	Schroeder	8/22/1986	63521
Paula	Hallinan	1/30/1982	94340
Misty	Whipple	1/26/1937	60764
Shawn	Richardson	9/30/1972	21343
Lucy	Anderson	2/13/2000	87277
Angela	Williams	7/25/1964	41216
Clair	Bourke	8/7/1953	80232
Benjamin	Gregory	1/24/1943	50758
Betty	Otto	9/12/1968	47217
Adolph	Little	1/18/1957	64966
Jose	Lewis	12/7/1941	67497
Dana	Poland	6/18/1982	36314
Wanda	Young	10/24/1948	72049
Chris	Carter	11/5/2001	12706
William	Campbell	8/22/1989	73174
Grace	Bowers	9/24/1941	15804
Leslie	Keller	6/25/1940	52305
Joseph	Kehoe	2/25/1984	29775
John	Nolan	9/13/1965	23215
Maria	Hammons	5/7/1966	98874
Carolyn	Bell	7/25/1984	68125
Rose	Northcutt	3/25/1994	88398
Christopher	Jarrell	4/14/1987	82656
Marion	Lewis	8/2/2000	9203
Jose	Ross	9/4/1944	84331
Joann	Fouts	10/29/2002	19701
Ralph	Smith	4/9/1957	30172
William	Roth	5/28/1945	918
James	Boyd	7/1/1996	54494
Jessica	Rehberg	11/7/1977	95771
Jean	Horner	7/23/1942	50523
Mary	Jenkins	10/23/1946	29290
Lesley	Douglas	4/29/1974	46467
Milagros	Williams	8/25/1988	80365
Gus	Brown	10/18/1980	75952
Leah	Barrios	9/9/1989	3919
Billy	Calderwood	9/22/1992	85020
Isidro	Reyes	7/28/1985	49619
Terry	Hackett	5/17/2002	98707
John	Morrison	9/2/2002	62997
James	Morrow	12/18/1979	8696
Victoria	Stevens	12/5/1986	68303
Sammy	Carreon	8/6/1987	8224
Rita	Maxwell	12/8/2002	15222
John	Myles	8/26/1977	6175
Thomas	Scott	11/27/1998	5141
Eleanor	Blodgett	1/10/1953	32277
Judy	Nelson	12/19/1955	51864
Rose	Campos	12/1/1937	26743
Jerry	Saunders	12/5/1960	68073
Roscoe	Spann	4/14/1988	80282
David	Wynn	4/24/1940	11866
Cary	Munoz	1/2/1973	74611
Bertha	Winter	9/7/1975	55930
Edgar	Wenger	9/3/1941	94039
Janay	Sibley	5/13/1990	20569
Marissa	Mitchell	11/9/1953	53915
Emily	Manning	12/11/1967	27663
Sheila	Alexander	5/20/1994	19100
Gracie	Priest	10/4/1998	16632
Shane	Karr	9/17/1987	69201
Richard	Hathaway	8/1/1947	35138
Nancy	Flowers	9/3/1946	80442
Jeff	Kuhn	10/6/1971	55404
Cynthia	Mack	10/27/1985	45064
Dawn	Leighty	7/29/1970	30181
Brett	Magner	12/16/1993	82063
Gary	Hough	7/18/1960	38328
Judy	Butler	3/19/1953	19887
Lee	Campbell	1/22/1990	96192
Julia	Crow	10/28/1948	59561
David	Mitchell	8/7/1982	50262
Gwendolyn	Hernandez	10/8/1943	93492
Candy	Stmartin	6/29/1987	3463
Patricia	Montgomery	12/9/1979	53488
David	Clark	8/26/1941	52074
Augustina	Wicklund	11/29/1993	34030
George	Dupree	6/1/1960	65219
Donald	Ellis	7/7/2000	95413
Michelle	Bernal	1/18/1944	62413
Matthew	Trudell	8/28/1990	23659
Ben	Starkweather	10/27/1940	82832
Ruby	McCown	9/18/1966	29333
Laura	Campos	9/18/1969	87688
Jacques	Blackstock	10/20/1986	15112
Jose	Jones	10/25/1959	19463
James	Baker	12/3/1967	6697
Jamie	Benson	4/8/1940	60789
Georgina	Kelemen	6/12/1961	10643
Jane	Fleming	7/21/1959	25256
Dale	Sirois	7/9/1999	20758
Richard	Howington	10/23/1966	58851
Teresa	Finney	7/17/1979	61120
Jeremy	Brown	11/6/1964	90052
Jeffrey	Weathers	11/4/1955	40251
Hollis	Gonzalez	1/17/1986	62289
Paul	Altman	8/12/1948	91945
Aileen	Gallaway	3/1/1968	28977
Jon	McNeil	11/7/1954	72868
David	Myer	1/29/1994	28823
Jason	Wilson	2/20/1999	38062
John	Messer	4/14/1941	30574
Sandra	Messina	10/27/1972	15898
Richard	Cohen	10/16/1997	12572
Sheryl	Vargas	12/22/1984	39425
Lula	Edwards	1/8/1992	90221
Linda	Nash	2/23/1964	4381
Mauricio	Robinson	8/9/1972	23750
Guy	Midkiff	5/15/1971	61771
Keith	Campbell	1/8/1992	86288
Helen	Spearman	10/23/1979	30015
Jimmy	Burress	7/5/1980	78240
Norma	Torres	5/31/1953	6510
Jason	Casey	1/9/1957	48478
Perry	Barrientos	2/20/1961	18470
Maria	Taylor	6/16/1937	96463
Lillian	Arredondo	8/4/1967	14536
Andrea	Durkee	3/24/1976	50197
Wendi	Irons	3/2/1967	80029
Grant	Hoffman	10/13/2003	95059
Peter	Cone	4/6/1962	39354
Lisa	Schwartz	10/2/1959	62517
Gertrude	Fluellen	1/20/1998	80147
Luther	Collins	3/11/1994	6216
Patricia	Amos	5/30/1987	90063
Lawrence	Naquin	10/28/1986	15782
Wilma	Shelton	2/19/1975	6405
Jennifer	Drake	11/1/1987	4639
Kenneth	Lind	8/31/1968	82730
Helen	Glaze	10/14/1953	53725
Ricky	Smith	4/2/1937	46163
Mildred	Justis	6/23/1998	91324
Charmain	McGlone	9/23/1979	71092
James	McNeill	8/14/1957	63942
Dexter	Minor	8/16/1962	92042
Mary	Bennett	12/4/1988	49091
Eddie	Givens	6/4/1952	7716
James	Xiong	3/18/1961	93150
James	Knight	4/15/1985	38064
Esther	Oates	1/30/1963	24822
Lillie	Landers	5/2/1992	16610
Juan	Dickson	10/15/1968	73441
Kristie	Taylor	5/14/1991	40109
Chad	Staton	1/29/1952	67260
Jeanine	Comeau	4/29/1999	31551
Dean	Mankin	1/5/2004	80111
William	Roark	1/16/1981	68691
Jeannette	Reese	9/16/2001	87669
Kenneth	Twyman	11/23/1944	84453
Melinda	Stark	2/14/1973	9389
James	Clark	6/2/1980	50805
Norman	Escobar	7/20/1963	48748
Kelly	Gross	9/11/1992	76596
Laura	Beauchamp	3/5/1995	22447
Danielle	Perry	1/20/1941	3333
Margie	Gaston	4/10/1976	32305
Richard	Sainz	7/9/1981	16494
Jose	Brinkley	9/22/1947	3867
Janet	Storch	3/23/1997	79287
Timothy	Doctor	1/24/1985	82130
June	Wilson	5/5/1989	42340
Charles	Saunders	8/19/1961	5732
Laverne	Nagy	8/24/1959	27528
Beth	Dotson	8/1/1970	39897
Sherry	Francis	3/27/1942	14157
Daniel	Mahan	1/25/1969	44644
Karen	Clark	7/26/1974	2678
Paul	Swanson	10/30/1962	60687
James	Frey	5/10/1962	51294
Heather	Gray	11/9/1994	86573
Michael	Bowens	7/20/1969	35923
Stephen	Brandow	8/27/1939	55613
